Variante,Status,Imagens,Erro mediano px600,P95 px600,Tempo núcleo s,Suporte avaliado
base,ok,12,3.495160664555811,11.609273885705399,12.371481199748814,1.0
detector_orb,ok,12,3.4575062356786384,25.981627523728626,18.086465900065377,1.0
detector_akaze,ok,12,2.9558458077318095,28.533075785613693,14.245026500197127,1.0
ratio_060,ok,12,2.995361035113917,7.9154728888476615,14.602472799597308,1.0
ratio_085,ok,12,3.8308364136147426,28.58632881256599,22.617078700102866,1.0
ransac_15,ok,12,2.6770060301004373,9.219984355153056,13.381816800218076,1.0
ransac_60,ok,12,3.8630619901577057,13.450238119471983,12.591747400118038,1.0
features_1000,ok,12,3.8835773220652934,19.525760741794823,9.724169300170615,1.0
features_5000,ok,12,3.495160664555811,11.609273885705399,12.260663200402632,1.0
resolution_400,ok,12,3.705840289559727,13.884529421740863,5.304096100386232,1.0
resolution_900,ok,12,4.472055402291239,28.781842315975577,26.75844299979508,1.0
alignment_pairwise,ok,12,43.85669476233872,138.1756173554422,13.565021500224248,1.0
projection_spherical,ok,12,3.495160664555811,11.609273885705399,12.000188799807802,1.0
projection_planar_bundle,failed,,,,,
projection_planar_pairwise,failed,,,,,
exposure_none,ok,12,3.495160664555811,11.609273885705399,12.245143500389531,1.0
blend_bands3,ok,12,3.495160664555811,11.609273885705399,15.9424518996384,1.0
blend_bands5,ok,12,3.495160664555811,11.609273885705399,15.571943500079215,1.0
deghost_none,ok,12,3.495160664555811,11.609273885705399,11.866682199761271,1.0
deghost_15,ok,12,3.495160664555811,11.609273885705399,12.219111899845302,1.0
deghost_60,ok,12,3.495160664555811,11.609273885705399,12.097513699904084,1.0
focal_060,ok,12,2.2327827095350328,6.767340397003533,12.734694300219417,1.0
focal_120,ok,12,3.4951616479445327,11.609287850686169,12.3871390002314,1.0
seed_7,ok,12,3.495160664555811,11.609273885705399,12.40637580002658,1.0
seed_101,ok,12,3.495160664555811,11.609273885705399,12.414296100148931,1.0
