Par,Matches,Inliers,Taxa %,Erro médio px,RMSE simétrico px
0--3,336,252,75.0,0.6897681720391248,0.8807961748636699
1--2,501,305,60.87824351297405,1.0076046426327656,1.2013529849783882
1--3,254,110,43.30708661417323,0.5934138829700988,0.738678201202089
2--7,341,238,69.79472140762464,0.9902903065707979,1.2140205667837203
4--5,494,450,91.09311740890689,0.9956774357591669,1.2135443084680992
4--7,369,281,76.15176151761518,1.2563546105094607,1.4983828374272983
5--6,587,519,88.41567291311755,1.1952279645223762,1.4182917354888878
6--11,644,430,66.77018633540372,1.0797641481960434,1.3061723875816142
8--9,622,494,79.42122186495176,1.2855220385117971,1.4501240078034363
8--11,556,416,74.82014388489209,1.3096377285145615,1.5493387819394346
9--10,547,463,84.64351005484461,1.2741527344942063,1.496705435799231
