dataset,variant,group,status,wall_seconds,projection,alignment,exposure,blend,detector,max_side,nfeatures,ratio,ransac,ba_points,ba_iterations,focal_factor,seed,deghost,ghost_threshold,ghost_dilate,bands,diagnostics,max_megapixels,output,accepted,rejected,core_seconds,pipeline_seconds,keypoints_mean,graph_edges,used_edges,coverage,changed_fraction,fitted_focal,final_mean_px,ba_converged,ba_accepted,warnings,seconds_read,seconds_extract,seconds_match,seconds_geometry,seconds_compose,ref_success,ref_seconds,ref_all_success,ref_all_seconds,eval_fraction,eval_points,eval_median_px600,eval_mean_px600,eval_p95_px600,eval_rmse_px600,photo_mae,failure
quintal,base,base,ok,34.26394649990834,cylindrical,bundle,gain,feather,sift,600,2500,0.75,3.0,100,100,0.9,42,inconsistency,30,5,5,compact,8,outputs\experimentos_20261005\runs\quintal\base,12,1,12.371481199748814,12.558150799944997,1622.076923076923,34,11,0.840675664205076,0.6932377490576198,0.6833409441039254,2.8985175449147356,True,True,23 atalhos rejeitados por inconsistência global; confira as texturas.,0.5105744998436421,1.3645204999484122,4.885570199927315,0.9089687999803573,4.701847200049087,True,6.361638499889523,True,4.2288263000082225,1.0,3385,3.495160664555811,4.50561559390894,11.609273885705399,6.056506019498759,9.370467699577748,
quintal,detector_orb,detector,ok,19.86088430020027,cylindrical,bundle,gain,feather,orb,600,2500,0.75,3.0,100,100,0.9,42,inconsistency,30,5,5,compact,8,outputs\experimentos_20261005\runs\quintal\detector_orb,12,1,18.086465900065377,18.404346300056204,2417.923076923077,26,11,0.7821707633027221,0.6571190468027648,0.6383867557886757,3.528433768359366,True,True,15 atalhos rejeitados por inconsistência global; confira as texturas.,0.4988782999571413,1.6383472001180053,6.573221700033173,2.7775015998631716,6.598517100093886,,,,,1.0,3385,3.4575062356786384,6.117746924325712,25.981627523728626,9.52557100248337,8.484206811575277,
quintal,detector_akaze,detector,ok,15.953253500163555,cylindrical,bundle,gain,feather,akaze,600,2500,0.75,3.0,100,100,0.9,42,inconsistency,30,5,5,compact,8,outputs\experimentos_20261005\runs\quintal\detector_akaze,12,1,14.245026500197127,14.520932300016284,847.2307692307693,28,11,0.8019907253208988,0.6517663658387243,0.6527487270354947,2.600503919733718,True,True,17 atalhos rejeitados por inconsistência global; confira as texturas.,0.4387408001348376,2.2939186999574304,1.504729599924758,1.9069437000434846,8.100693700136617,,,,,1.0,3385,2.9558458077318095,5.185486152487427,28.533075785613693,9.147915293813464,8.992573782048867,
quintal,ratio_060,ratio,ok,16.016454099910334,cylindrical,bundle,gain,feather,sift,600,2500,0.6,3.0,100,100,0.9,42,inconsistency,30,5,5,compact,8,outputs\experimentos_20261005\runs\quintal\ratio_060,12,1,14.602472799597308,14.821022499818355,1622.076923076923,31,12,0.7653267292843264,0.6027002638702906,0.6866019771548557,4.065063017039892,True,True,19 atalhos rejeitados por inconsistência global; confira as texturas.,0.4292384998407215,1.3948106998577714,5.624578200047836,1.058237100020051,6.0956082998309284,,,,,1.0,3385,2.995361035113917,3.634404798566816,7.9154728888476615,4.693431274189858,7.464514402730426,
quintal,ratio_085,ratio,ok,24.02931910008192,cylindrical,bundle,gain,feather,sift,600,2500,0.85,3.0,100,100,0.9,42,inconsistency,30,5,5,compact,8,outputs\experimentos_20261005\runs\quintal\ratio_085,12,1,22.617078700102866,22.795520199928433,1622.076923076923,31,11,0.8069566840965678,0.667420832325442,0.6830518154133747,3.1034644745183204,True,True,20 atalhos rejeitados por inconsistência global; confira as texturas.,0.43157929996959865,1.4262194000184536,13.116790400119498,1.9821921999100596,5.6602974000852555,,,,,1.0,3385,3.8308364136147426,6.575230225216215,28.58632881256599,11.026581034550395,10.16597261611961,
quintal,ransac_15,ransac,ok,14.663504800060764,cylindrical,bundle,gain,feather,sift,600,2500,0.75,1.5,100,100,0.9,42,inconsistency,30,5,5,compact,8,outputs\experimentos_20261005\runs\quintal\ransac_15,12,1,13.381816800218076,13.565880700014532,1622.076923076923,33,11,0.7931947201615993,0.6231939593520274,0.6851649303468023,2.1351135121715434,True,True,22 atalhos rejeitados por inconsistência global; confira as texturas.,0.4411457001697272,1.3947236000094563,5.6563382998574525,0.7049202001653612,5.184689000016078,,,,,1.0,3385,2.6770060301004373,3.893588301806136,9.219984355153056,5.615791351048815,7.082506466334468,
quintal,ransac_60,ransac,ok,13.961433099815622,cylindrical,bundle,gain,feather,sift,600,2500,0.75,6.0,100,100,0.9,42,inconsistency,30,5,5,compact,8,outputs\experimentos_20261005\runs\quintal\ransac_60,12,1,12.591747400118038,12.770243800012395,1622.076923076923,36,11,0.7786379138400168,0.6655927452987939,0.6833454662368758,4.041389222705265,True,True,25 atalhos rejeitados por inconsistência global; confira as texturas.,0.4382476001046598,1.4936816999688745,4.837134100031108,0.5467089999001473,5.275975000113249,,,,,1.0,3385,3.8630619901577057,4.922788464814366,13.450238119471983,6.5839516072441295,8.942222671283401,
quintal,features_1000,features,ok,11.087838399922475,cylindrical,bundle,gain,feather,sift,600,1000,0.75,3.0,100,100,0.9,42,inconsistency,30,5,5,compact,8,outputs\experimentos_20261005\runs\quintal\features_1000,12,1,9.724169300170615,9.937000599922612,962.5384615384615,30,11,0.7749169906057661,0.6517307777722621,0.6880665591012164,4.0039107478244995,True,True,19 atalhos rejeitados por inconsistência global; confira as texturas.,0.4106209999881685,1.136101100128144,2.0235836000647396,0.8032702999189496,5.350593300070614,,,,,1.0,3385,3.8835773220652934,6.1028558297264865,19.525760741794823,8.516587952356042,7.984019877885962,
quintal,features_5000,features,ok,13.646297400118783,cylindrical,bundle,gain,feather,sift,600,5000,0.75,3.0,100,100,0.9,42,inconsistency,30,5,5,compact,8,outputs\experimentos_20261005\runs\quintal\features_5000,12,1,12.260663200402632,12.483494099928066,1622.076923076923,34,11,0.840675664205076,0.6932377490576198,0.6833409441039254,2.8985175449147356,True,True,23 atalhos rejeitados por inconsistência global; confira as texturas.,0.47479630005545914,1.4215462999418378,5.029696700163186,0.8388164001516998,4.49580750009045,,,,,1.0,3385,3.495160664555811,4.50561559390894,11.609273885705399,6.056506019498759,9.370467699577748,
quintal,resolution_400,resolution,ok,6.494363299803808,cylindrical,bundle,gain,feather,sift,400,2500,0.75,2.0,100,100,0.9,42,inconsistency,30,5,5,compact,8,outputs\experimentos_20261005\runs\quintal\resolution_400,12,1,5.304096100386232,5.460282500134781,805.2307692307693,32,11,0.8359055867040448,0.7129664841104201,0.6804176272509833,2.485095127603237,True,True,21 atalhos rejeitados por inconsistência global; confira as texturas.,0.37963980017229915,0.5917871999554336,1.3722618999890983,0.81349360011518,2.146913600154221,,,,,1.0,3385,3.705840289559727,5.028403352451735,13.884529421740863,6.971840946564747,9.390325848848464,
quintal,resolution_900,resolution,ok,28.246323900064453,cylindrical,bundle,gain,feather,sift,900,2500,0.75,4.5,100,100,0.9,42,inconsistency,30,5,5,compact,8,outputs\experimentos_20261005\runs\quintal\resolution_900,12,1,26.75844299979508,27.12398839998059,2372.6153846153848,35,11,0.7716828344116755,0.6127428679092681,0.6746892908428322,4.780639462694173,True,True,24 atalhos rejeitados por inconsistência global; confira as texturas.,0.5307881999760866,2.6475110999308527,10.406112799886614,0.6203273998107761,12.55370350019075,,,,,1.0,3385,4.472055402291239,7.281380383858731,28.781842315975577,11.605704199550878,9.589622410784091,
quintal,alignment_pairwise,alignment,ok,14.925611600046977,cylindrical,pairwise,gain,feather,sift,600,2500,0.75,3.0,100,100,0.9,42,inconsistency,30,5,5,compact,8,outputs\experimentos_20261005\runs\quintal\alignment_pairwise,12,1,13.565021500224248,13.754987900145352,1622.076923076923,34,11,0.811794910582224,0.7780533784140518,0.9,37.83947922014991,,,23 atalhos rejeitados por inconsistência global; confira as texturas.,0.40039209998212755,1.2785957001615316,5.3389711999334395,0.03444249997846782,6.512620000168681,,,,,1.0,3385,43.85669476233872,63.45500431413698,138.1756173554422,73.76163838876202,9.370467699577748,
quintal,projection_spherical,projection,ok,13.23222290002741,spherical,bundle,gain,feather,sift,600,2500,0.75,3.0,100,100,0.9,42,inconsistency,30,5,5,compact,8,outputs\experimentos_20261005\runs\quintal\projection_spherical,12,1,12.000188799807802,12.16537329996936,1622.076923076923,34,11,0.8641609005935381,0.7090795637361598,0.6833409441039254,2.8985175449147356,True,True,23 atalhos rejeitados por inconsistência global; confira as texturas.,0.39598200004547834,1.3488928999286145,5.110349300084636,0.8293263998348266,4.315638199914247,,,,,1.0,3385,3.495160664555811,4.50561559390894,11.609273885705399,6.056506019498759,9.370467699577748,
quintal,projection_planar_bundle,projection,failed,18.893499499885365,planar,bundle,gain,feather,sift,600,2500,0.75,3.0,100,100,0.9,42,inconsistency,30,5,5,compact,8,outputs\experimentos_20261005\runs\quintal\projection_planar_bundle,,,,,,,,,,,,,,,,,,,,,,,,,,,,,,,"Erro: A projeção plana de 'WhatsApp Image 2026-10-03 at 14.13.23.jpeg' cruza o infinito (não existe um canvas finito nesse referencial). Isso pode ocorrer em uma varredura ampla ou por alinhamento incorreto. Tente novamente acrescentando --projection cylindrical --alignment bundle --exposure gain, sem reutilizar a pasta --output da tentativa anterior."
quintal,projection_planar_pairwise,projection,failed,8.101074100006372,planar,pairwise,gain,feather,sift,600,2500,0.75,3.0,100,100,0.9,42,inconsistency,30,5,5,compact,8,outputs\experimentos_20261005\runs\quintal\projection_planar_pairwise,,,,,,,,,,,,,,,,,,,,,,,,,,,,,,,"Erro: A projeção plana de 'WhatsApp Image 2026-10-03 at 14.13.23.jpeg' cruza o infinito (não existe um canvas finito nesse referencial). Isso pode ocorrer em uma varredura ampla ou por alinhamento incorreto. Tente novamente acrescentando --projection cylindrical --alignment bundle --exposure gain, sem reutilizar a pasta --output da tentativa anterior."
quintal,exposure_none,exposure,ok,13.552206699969247,cylindrical,bundle,none,feather,sift,600,2500,0.75,3.0,100,100,0.9,42,inconsistency,30,5,5,compact,8,outputs\experimentos_20261005\runs\quintal\exposure_none,12,1,12.245143500389531,12.426840200088918,1622.076923076923,34,11,0.840675664205076,0.690246365105008,0.6833409441039254,2.8985175449147356,True,True,23 atalhos rejeitados por inconsistência global; confira as texturas.,0.4072247000876814,1.2337682000361383,5.232199300080538,0.746480000205338,4.625471299979836,,,,,1.0,3385,3.495160664555811,4.50561559390894,11.609273885705399,6.056506019498759,11.51710217502656,
quintal,blend_bands3,blend,ok,17.187586599960923,cylindrical,bundle,gain,multiband,sift,600,2500,0.75,3.0,100,100,0.9,42,inconsistency,30,5,3,compact,8,outputs\experimentos_20261005\runs\quintal\blend_bands3,12,1,15.9424518996384,16.139237799914554,1622.076923076923,34,11,0.840675664205076,0.6935110393107162,0.6833409441039254,2.8985175449147356,True,True,23 atalhos rejeitados por inconsistência global; confira as texturas.,0.5284760999493301,1.5752158998511732,5.229882699903101,0.6934710999485105,7.915406099986285,,,,,1.0,3385,3.495160664555811,4.50561559390894,11.609273885705399,6.056506019498759,9.370467699577748,
quintal,blend_bands5,blend,ok,16.855830600019544,cylindrical,bundle,gain,multiband,sift,600,2500,0.75,3.0,100,100,0.9,42,inconsistency,30,5,5,compact,8,outputs\experimentos_20261005\runs\quintal\blend_bands5,12,1,15.571943500079215,15.758711300091818,1622.076923076923,34,11,0.840675664205076,0.6947307485191169,0.6833409441039254,2.8985175449147356,True,True,23 atalhos rejeitados por inconsistência global; confira as texturas.,0.453456100076437,1.3453590001445264,5.139031899860129,0.7504237999673933,7.883672700030729,,,,,1.0,3385,3.495160664555811,4.50561559390894,11.609273885705399,6.056506019498759,9.370467699577748,
quintal,deghost_none,deghost,ok,13.119491300079972,cylindrical,bundle,gain,feather,sift,600,2500,0.75,3.0,100,100,0.9,42,none,30,5,5,compact,8,outputs\experimentos_20261005\runs\quintal\deghost_none,12,1,11.866682199761271,12.026361300144345,1622.076923076923,34,11,0.840675664205076,0.0,0.6833409441039254,2.8985175449147356,True,True,23 atalhos rejeitados por inconsistência global; confira as texturas. | Nenhuma região inconsistente selecionada; confira a presença de objeto móvel.,0.39224640000611544,1.3200360001064837,5.0885653998702765,0.7635080998297781,4.302326299948618,,,,,1.0,3385,3.495160664555811,4.50561559390894,11.609273885705399,6.056506019498759,9.370467699577748,
quintal,deghost_15,deghost,ok,13.36003730003722,cylindrical,bundle,gain,feather,sift,600,2500,0.75,3.0,100,100,0.9,42,inconsistency,15,5,5,compact,8,outputs\experimentos_20261005\runs\quintal\deghost_15,12,1,12.219111899845302,12.404133499832824,1622.076923076923,34,11,0.840675664205076,0.8223532579429187,0.6833409441039254,2.8985175449147356,True,True,23 atalhos rejeitados por inconsistência global; confira as texturas.,0.47486879979260266,1.319538800045848,5.1366356001235545,0.7350014999974519,4.553067199885845,,,,,1.0,3385,3.495160664555811,4.50561559390894,11.609273885705399,6.056506019498759,9.370467699577748,
quintal,deghost_60,deghost,ok,13.360249600140378,cylindrical,bundle,gain,feather,sift,600,2500,0.75,3.0,100,100,0.9,42,inconsistency,60,5,5,compact,8,outputs\experimentos_20261005\runs\quintal\deghost_60,12,1,12.097513699904084,12.278438000008464,1622.076923076923,34,11,0.840675664205076,0.4487049003769521,0.6833409441039254,2.8985175449147356,True,True,23 atalhos rejeitados por inconsistência global; confira as texturas.,0.44991480000317097,1.3180001000873744,4.944747000001371,0.6887334999628365,4.696118299849331,,,,,1.0,3385,3.495160664555811,4.50561559390894,11.609273885705399,6.056506019498759,9.370467699577748,
quintal,focal_060,focal,ok,14.144654599949718,cylindrical,bundle,gain,feather,sift,600,2500,0.75,3.0,100,100,0.6,42,inconsistency,30,5,5,compact,8,outputs\experimentos_20261005\runs\quintal\focal_060,12,1,12.734694300219417,12.950219900114462,1622.076923076923,34,30,0.841527767004467,0.6756211986276767,0.6790879849553645,4.27848802274358,True,True,4 atalhos rejeitados por inconsistência global; confira as texturas.,0.40571080008521676,1.3215214000083506,4.9191319001838565,1.5267556000035256,4.561574599938467,,,,,1.0,3385,2.2327827095350328,2.9773514974452486,6.767340397003533,4.156395148352973,9.27084001910211,
quintal,focal_120,focal,ok,13.656169400084764,cylindrical,bundle,gain,feather,sift,600,2500,0.75,3.0,100,100,1.2,42,inconsistency,30,5,5,compact,8,outputs\experimentos_20261005\runs\quintal\focal_120,12,1,12.3871390002314,12.569299400085583,1622.076923076923,34,11,0.840675664205076,0.6932377490576198,0.6833409728414871,2.8985175231476163,True,True,23 atalhos rejeitados por inconsistência global; confira as texturas.,0.4896504001226276,1.3519261998590082,5.163108499953523,0.7260377001948655,4.656416200101376,,,,,1.0,3385,3.4951616479445327,4.505617647308013,11.609287850686169,6.05650901830469,9.370467699577748,
quintal,seed_7,seed,ok,24.082231499953195,cylindrical,bundle,gain,feather,sift,600,2500,0.75,3.0,100,100,0.9,7,inconsistency,30,5,5,compact,8,outputs\experimentos_20261005\runs\quintal\seed_7,12,1,12.40637580002658,12.611351600149646,1622.076923076923,34,11,0.840675664205076,0.6932377490576198,0.6833409441039254,2.8985175449147356,True,True,23 atalhos rejeitados por inconsistência global; confira as texturas.,0.40637490013614297,1.346497899852693,5.129339799983427,0.7003558999858797,4.823807300068438,True,5.867433900013566,True,4.403819200117141,1.0,3385,3.495160664555811,4.50561559390894,11.609273885705399,6.056506019498759,9.370467699577748,
quintal,seed_101,seed,ok,25.40344320004806,cylindrical,bundle,gain,feather,sift,600,2500,0.75,3.0,100,100,0.9,101,inconsistency,30,5,5,compact,8,outputs\experimentos_20261005\runs\quintal\seed_101,12,1,12.414296100148931,12.594298799987882,1622.076923076923,34,11,0.840675664205076,0.6932377490576198,0.6833409441039254,2.8985175449147356,True,True,23 atalhos rejeitados por inconsistência global; confira as texturas.,0.3974276001099497,1.3588036000728607,5.165387300075963,0.7922958999406546,4.700381699949503,True,6.594456099905074,True,4.9440642001573,1.0,3385,3.495160664555811,4.50561559390894,11.609273885705399,6.056506019498759,9.370467699577748,
boat5,base,base,ok,7.350611400092021,cylindrical,bundle,gain,feather,sift,600,2500,0.75,3.0,100,100,0.9,42,inconsistency,30,5,5,compact,8,outputs\experimentos_20261005\runs\boat5\base,5,0,2.3773357002064586,2.5018877999391407,625.2,5,4,0.9455498227680482,0.10834683968459183,1.1697457871221884,0.8408715017076309,True,True,1 atalhos rejeitados por inconsistência global; confira as texturas. | Menos de seis imagens aceitas: conjunto insuficiente para a etapa 1 do T1. | Nenhuma imagem rejeitada; a demonstração da intrusa ainda precisa ser conferida.,0.3733719000592828,0.31311380001716316,0.08741130004636943,0.20511070010252297,1.3983279999811202,True,2.902728300075978,True,0.7011893000453711,1.0,709,0.3989698493000533,0.7477070107346508,2.85013654491482,1.2490281928082871,5.677878997221653,
boat5,detector_orb,detector,ok,4.972877599997446,cylindrical,bundle,gain,feather,orb,600,2500,0.75,3.0,100,100,0.9,42,inconsistency,30,5,5,compact,8,outputs\experimentos_20261005\runs\boat5\detector_orb,5,0,3.8412100998684764,3.956212299875915,2102.4,5,4,0.9448796757742054,0.1001234783263043,1.1532949677910374,1.0254543843477448,True,True,1 atalhos rejeitados por inconsistência global; confira as texturas. | Menos de seis imagens aceitas: conjunto insuficiente para a etapa 1 do T1. | Nenhuma imagem rejeitada; a demonstração da intrusa ainda precisa ser conferida.,0.44526369986124337,1.4325599998701364,0.46453550015576184,0.1291616999078542,1.3696892000734806,,,,,1.0,709,0.3911487690029649,0.7058491260485719,2.5690813056215935,1.3442667038242622,5.834717168121983,
boat5,detector_akaze,detector,ok,4.758491400163621,cylindrical,bundle,gain,feather,akaze,600,2500,0.75,3.0,100,100,0.9,42,inconsistency,30,5,5,compact,8,outputs\experimentos_20261005\runs\boat5\detector_akaze,5,0,3.5070277999620885,3.6041131999809295,281.2,5,4,0.9487772231131344,0.10749421542802423,1.1969765375394223,0.8233809849992986,True,True,1 atalhos rejeitados por inconsistência global; confira as texturas. | Menos de seis imagens aceitas: conjunto insuficiente para a etapa 1 do T1. | Nenhuma imagem rejeitada; a demonstração da intrusa ainda precisa ser conferida.,0.38574970001354814,1.5429962000343949,0.034234900027513504,0.14592169993557036,1.3981252999510616,,,,,1.0,709,0.4742971805425952,0.8059804096842073,3.0306648458150414,1.2838751284873398,5.5121453181644755,
boat5,ratio_060,ratio,ok,3.8953354000113904,cylindrical,bundle,gain,feather,sift,600,2500,0.6,3.0,100,100,0.9,42,inconsistency,30,5,5,compact,8,outputs\experimentos_20261005\runs\boat5\ratio_060,5,0,2.3989983000792563,2.5116097000427544,625.2,5,4,0.9476188163688164,0.10816688048021783,1.1659824968594634,0.8837537742570966,True,True,1 atalhos rejeitados por inconsistência global; confira as texturas. | Menos de seis imagens aceitas: conjunto insuficiente para a etapa 1 do T1. | Nenhuma imagem rejeitada; a demonstração da intrusa ainda precisa ser conferida.,0.3918822000268847,0.3546974998898804,0.08264719997532666,0.18719880003482103,1.3825726001523435,,,,,1.0,709,0.403106302912241,0.7449128504221472,2.423549244562653,1.2620100100984304,5.65606858666424,
boat5,ratio_085,ratio,ok,4.292470500105992,cylindrical,bundle,gain,feather,sift,600,2500,0.85,3.0,100,100,0.9,42,inconsistency,30,5,5,compact,8,outputs\experimentos_20261005\runs\boat5\ratio_085,5,0,3.1003017995972186,3.2123549000825733,625.2,5,4,0.94570704622286,0.107492780616168,1.1646280698847478,0.8143318122607863,True,True,1 atalhos rejeitados por inconsistência global; confira as texturas. | Menos de seis imagens aceitas: conjunto insuficiente para a etapa 1 do T1. | Nenhuma imagem rejeitada; a demonstração da intrusa ainda precisa ser conferida.,0.430434999987483,0.3030809999909252,0.8051344999112189,0.1530803998466581,1.4085708998609334,,,,,1.0,709,0.385916382717898,0.7301801453763718,2.440618134441036,1.2524892907948326,5.673995167311223,
boat5,ransac_15,ransac,ok,3.9737958998885006,cylindrical,bundle,gain,feather,sift,600,2500,0.75,1.5,100,100,0.9,42,inconsistency,30,5,5,compact,8,outputs\experimentos_20261005\runs\boat5\ransac_15,5,0,2.6796373003162444,2.7985304000321776,625.2,5,4,0.9459575196985269,0.10801780025111679,1.1675346641695563,0.8056247432709516,True,True,1 atalhos rejeitados por inconsistência global; confira as texturas. | Menos de seis imagens aceitas: conjunto insuficiente para a etapa 1 do T1. | Nenhuma imagem rejeitada; a demonstração da intrusa ainda precisa ser conferida.,0.4553819999564439,0.41523360018618405,0.10214359988458455,0.24902210012078285,1.457856000168249,,,,,1.0,709,0.40228714503440394,0.7432298298767466,2.782405714610829,1.2593738950677216,5.774836937026009,
boat5,ransac_60,ransac,ok,3.47419900004752,cylindrical,bundle,gain,feather,sift,600,2500,0.75,6.0,100,100,0.9,42,inconsistency,30,5,5,compact,8,outputs\experimentos_20261005\runs\boat5\ransac_60,5,0,2.262755100382492,2.3788417999166995,625.2,5,4,0.9475705603358905,0.10772731235587041,1.1581899235991413,1.0512979121072106,True,True,1 atalhos rejeitados por inconsistência global; confira as texturas. | Menos de seis imagens aceitas: conjunto insuficiente para a etapa 1 do T1. | Nenhuma imagem rejeitada; a demonstração da intrusa ainda precisa ser conferida.,0.3860059001017362,0.32200420019216835,0.08659680001437664,0.15321510005742311,1.3149331000167876,,,,,1.0,709,0.450229318151501,0.7643380613440546,2.3083862808798083,1.2720044415026837,5.661717771306865,
boat5,features_1000,features,ok,3.531726300017908,cylindrical,bundle,gain,feather,sift,600,1000,0.75,3.0,100,100,0.9,42,inconsistency,30,5,5,compact,8,outputs\experimentos_20261005\runs\boat5\features_1000,5,0,2.3838462005369365,2.4906111999880522,625.2,5,4,0.9455498227680482,0.10834683968459183,1.1697457871221884,0.8408715017076309,True,True,1 atalhos rejeitados por inconsistência global; confira as texturas. | Menos de seis imagens aceitas: conjunto insuficiente para a etapa 1 do T1. | Nenhuma imagem rejeitada; a demonstração da intrusa ainda precisa ser conferida.,0.4403218000661582,0.34533580020070076,0.07988320011645555,0.1463643000461161,1.371941100107506,,,,,1.0,709,0.3989698493000533,0.7477070107346508,2.85013654491482,1.2490281928082871,5.677878997221653,
boat5,features_5000,features,ok,3.4686237999703735,cylindrical,bundle,gain,feather,sift,600,5000,0.75,3.0,100,100,0.9,42,inconsistency,30,5,5,compact,8,outputs\experimentos_20261005\runs\boat5\features_5000,5,0,2.231448200531304,2.3715824999380857,625.2,5,4,0.9455498227680482,0.10834683968459183,1.1697457871221884,0.8408715017076309,True,True,1 atalhos rejeitados por inconsistência global; confira as texturas. | Menos de seis imagens aceitas: conjunto insuficiente para a etapa 1 do T1. | Nenhuma imagem rejeitada; a demonstração da intrusa ainda precisa ser conferida.,0.3648037000093609,0.30947980005294085,0.09380740020424128,0.19217640021815896,1.271180900046602,,,,,1.0,709,0.3989698493000533,0.7477070107346508,2.85013654491482,1.2490281928082871,5.677878997221653,
boat5,resolution_400,resolution,ok,2.473505500005558,cylindrical,bundle,gain,feather,sift,400,2500,0.75,2.0,100,100,0.9,42,inconsistency,30,5,5,compact,8,outputs\experimentos_20261005\runs\boat5\resolution_400,5,0,1.2400499999057502,1.327525599859655,333.4,5,4,0.9454939587258404,0.11066488174921908,1.1658986602204036,0.5951436556902386,True,True,1 atalhos rejeitados por inconsistência global; confira as texturas. | Menos de seis imagens aceitas: conjunto insuficiente para a etapa 1 do T1. | Nenhuma imagem rejeitada; a demonstração da intrusa ainda precisa ser conferida.,0.3885971000418067,0.15053280000574887,0.028441199799999595,0.11059849988669157,0.5618804001715034,,,,,1.0,709,0.39988258903772894,0.752207112775946,2.632274999680108,1.2607636354390603,4.894266058594956,
boat5,resolution_900,resolution,ok,6.297625999897718,cylindrical,bundle,gain,feather,sift,900,2500,0.75,4.5,100,100,0.9,42,inconsistency,30,5,5,compact,8,outputs\experimentos_20261005\runs\boat5\resolution_900,5,0,5.038381400052458,5.27421489986591,1259.8,6,4,0.9319642755963511,0.11688942356285893,1.1417940935958282,1.4100235991461196,True,True,2 atalhos rejeitados por inconsistência global; confira as texturas. | Menos de seis imagens aceitas: conjunto insuficiente para a etapa 1 do T1. | Nenhuma imagem rejeitada; a demonstração da intrusa ainda precisa ser conferida.,0.5647642000112683,0.6318626999855042,0.3413951999973506,0.14107590005733073,3.3592834000010043,,,,,1.0,709,0.42488640035607783,0.7586452287123592,2.3237434323439214,1.2719982534641254,7.1801649209306335,
boat5,alignment_pairwise,alignment,ok,3.3232935999985784,cylindrical,pairwise,gain,feather,sift,600,2500,0.75,3.0,100,100,0.9,42,inconsistency,30,5,5,compact,8,outputs\experimentos_20261005\runs\boat5\alignment_pairwise,5,0,1.9785009997431189,2.0887855999171734,625.2,5,4,0.9190850815850816,0.34882937577275464,0.9,44.98249526515977,,,1 atalhos rejeitados por inconsistência global; confira as texturas. | Menos de seis imagens aceitas: conjunto insuficiente para a etapa 1 do T1. | Nenhuma imagem rejeitada; a demonstração da intrusa ainda precisa ser conferida.,0.3827929999679327,0.38495630002580583,0.08604189986363053,0.012671699980273843,1.112038099905476,,,,,1.0,709,42.665527922889055,47.55365840712015,77.21952427752211,49.60918369407538,5.677878997221653,
boat5,projection_spherical,projection,ok,4.060847700107843,spherical,bundle,gain,feather,sift,600,2500,0.75,3.0,100,100,0.9,42,inconsistency,30,5,5,compact,8,outputs\experimentos_20261005\runs\boat5\projection_spherical,5,0,2.5612031996715814,2.6686521000228822,625.2,5,4,0.9489296254728353,0.1120814424138354,1.1697457871221884,0.8408715017076309,True,True,1 atalhos rejeitados por inconsistência global; confira as texturas. | Menos de seis imagens aceitas: conjunto insuficiente para a etapa 1 do T1. | Nenhuma imagem rejeitada; a demonstração da intrusa ainda precisa ser conferida.,0.45493649994023144,0.35905459988862276,0.097907799994573,0.20272239996120334,1.4465818998869509,,,,,1.0,709,0.3989698493000533,0.7477070107346508,2.85013654491482,1.2490281928082871,5.677878997221653,
boat5,projection_planar_bundle,projection,failed,2.0481085998471826,planar,bundle,gain,feather,sift,600,2500,0.75,3.0,100,100,0.9,42,inconsistency,30,5,5,compact,8,outputs\experimentos_20261005\runs\boat5\projection_planar_bundle,,,,,,,,,,,,,,,,,,,,,,,,,,,,,,,Erro: Canvas 7976x3699 excede o limite. Reduza --max-side ou use outra projeção; confira o alinhamento.
boat5,projection_planar_pairwise,projection,failed,1.9459657999686897,planar,pairwise,gain,feather,sift,600,2500,0.75,3.0,100,100,0.9,42,inconsistency,30,5,5,compact,8,outputs\experimentos_20261005\runs\boat5\projection_planar_pairwise,,,,,,,,,,,,,,,,,,,,,,,,,,,,,,,Erro: Canvas 8285x3759 excede o limite. Reduza --max-side ou use outra projeção; confira o alinhamento.
boat5,exposure_none,exposure,ok,3.6469345001969486,cylindrical,bundle,none,feather,sift,600,2500,0.75,3.0,100,100,0.9,42,inconsistency,30,5,5,compact,8,outputs\experimentos_20261005\runs\boat5\exposure_none,5,0,2.411585799884051,2.544036200037226,625.2,5,4,0.9455498227680482,0.15309285481284382,1.1697457871221884,0.8408715017076309,True,True,1 atalhos rejeitados por inconsistência global; confira as texturas. | Menos de seis imagens aceitas: conjunto insuficiente para a etapa 1 do T1. | Nenhuma imagem rejeitada; a demonstração da intrusa ainda precisa ser conferida.,0.5071155000478029,0.3038359999191016,0.09136529988609254,0.1327289999462664,1.3765400000847876,,,,,1.0,709,0.3989698493000533,0.7477070107346508,2.85013654491482,1.2490281928082871,11.205961259699338,
boat5,blend_bands3,blend,ok,4.368848699843511,cylindrical,bundle,gain,multiband,sift,600,2500,0.75,3.0,100,100,0.9,42,inconsistency,30,5,3,compact,8,outputs\experimentos_20261005\runs\boat5\blend_bands3,5,0,3.2223461004905403,3.336361699970439,625.2,5,4,0.9455498227680482,0.10832976105286349,1.1697457871221884,0.8408715017076309,True,True,1 atalhos rejeitados por inconsistência global; confira as texturas. | Menos de seis imagens aceitas: conjunto insuficiente para a etapa 1 do T1. | Nenhuma imagem rejeitada; a demonstração da intrusa ainda precisa ser conferida.,0.40604829997755587,0.3358025001361966,0.08320210012607276,0.15690040006302297,2.240392800187692,,,,,1.0,709,0.3989698493000533,0.7477070107346508,2.85013654491482,1.2490281928082871,5.677878997221653,
boat5,blend_bands5,blend,ok,4.56292840000242,cylindrical,bundle,gain,multiband,sift,600,2500,0.75,3.0,100,100,0.9,42,inconsistency,30,5,5,compact,8,outputs\experimentos_20261005\runs\boat5\blend_bands5,5,0,3.3793990002013743,3.510476400144398,625.2,5,4,0.9455498227680482,0.10857227762340592,1.1697457871221884,0.8408715017076309,True,True,1 atalhos rejeitados por inconsistência global; confira as texturas. | Menos de seis imagens aceitas: conjunto insuficiente para a etapa 1 do T1. | Nenhuma imagem rejeitada; a demonstração da intrusa ainda precisa ser conferida.,0.4721488000359386,0.2910476999823004,0.09783950005657971,0.15770539990626276,2.360657600220293,,,,,1.0,709,0.3989698493000533,0.7477070107346508,2.85013654491482,1.2490281928082871,5.677878997221653,
boat5,deghost_none,deghost,ok,3.5738693999592215,cylindrical,bundle,gain,feather,sift,600,2500,0.75,3.0,100,100,0.9,42,none,30,5,5,compact,8,outputs\experimentos_20261005\runs\boat5\deghost_none,5,0,2.2804808001965284,2.425529500003904,625.2,5,4,0.9455498227680482,0.0,1.1697457871221884,0.8408715017076309,True,True,1 atalhos rejeitados por inconsistência global; confira as texturas. | Menos de seis imagens aceitas: conjunto insuficiente para a etapa 1 do T1. | Nenhuma imagem rejeitada; a demonstração da intrusa ainda precisa ser conferida. | Nenhuma região inconsistente selecionada; confira a presença de objeto móvel.,0.39262100006453693,0.3265650998800993,0.14583000005222857,0.1887039002031088,1.2267607999965549,,,,,1.0,709,0.3989698493000533,0.7477070107346508,2.85013654491482,1.2490281928082871,5.677878997221653,
boat5,deghost_15,deghost,ok,3.463665399933234,cylindrical,bundle,gain,feather,sift,600,2500,0.75,3.0,100,100,0.9,42,inconsistency,15,5,5,compact,8,outputs\experimentos_20261005\runs\boat5\deghost_15,5,0,2.3715081000700593,2.4794765000697225,625.2,5,4,0.9455498227680482,0.23851333926531143,1.1697457871221884,0.8408715017076309,True,True,1 atalhos rejeitados por inconsistência global; confira as texturas. | Menos de seis imagens aceitas: conjunto insuficiente para a etapa 1 do T1. | Nenhuma imagem rejeitada; a demonstração da intrusa ainda precisa ser conferida.,0.4498044999781996,0.2878934999462217,0.07944780006073415,0.14982989989221096,1.4045324001926929,,,,,1.0,709,0.3989698493000533,0.7477070107346508,2.85013654491482,1.2490281928082871,5.677878997221653,
boat5,deghost_60,deghost,ok,3.5111329001374543,cylindrical,bundle,gain,feather,sift,600,2500,0.75,3.0,100,100,0.9,42,inconsistency,60,5,5,compact,8,outputs\experimentos_20261005\runs\boat5\deghost_60,5,0,2.3452434001956135,2.4552959001157433,625.2,5,4,0.9455498227680482,0.043212353999047014,1.1697457871221884,0.8408715017076309,True,True,1 atalhos rejeitados por inconsistência global; confira as texturas. | Menos de seis imagens aceitas: conjunto insuficiente para a etapa 1 do T1. | Nenhuma imagem rejeitada; a demonstração da intrusa ainda precisa ser conferida.,0.41273110010661185,0.3597234000917524,0.07508009998127818,0.1296167999971658,1.3680920000188053,,,,,1.0,709,0.3989698493000533,0.7477070107346508,2.85013654491482,1.2490281928082871,5.677878997221653,
boat5,focal_060,focal,ok,3.6505559999495745,cylindrical,bundle,gain,feather,sift,600,2500,0.75,3.0,100,100,0.6,42,inconsistency,30,5,5,compact,8,outputs\experimentos_20261005\runs\boat5\focal_060,5,0,2.384068999905139,2.5468375000637025,625.2,5,4,0.9455498227680482,0.10834683968459183,1.1697457992018447,0.8408715139412819,True,True,1 atalhos rejeitados por inconsistência global; confira as texturas. | Menos de seis imagens aceitas: conjunto insuficiente para a etapa 1 do T1. | Nenhuma imagem rejeitada; a demonstração da intrusa ainda precisa ser conferida.,0.3736380999907851,0.2995112999342382,0.1099153000395745,0.2288772000465542,1.3721270998939872,,,,,1.0,709,0.39896992708703644,0.7477070235909293,2.850136709853531,1.249028193322554,5.677878997221653,
boat5,focal_120,focal,ok,3.4959831000305712,cylindrical,bundle,gain,feather,sift,600,2500,0.75,3.0,100,100,1.2,42,inconsistency,30,5,5,compact,8,outputs\experimentos_20261005\runs\boat5\focal_120,5,0,2.344136899802834,2.4513913998380303,625.2,5,5,0.9456628636484752,0.11163308555200932,1.169411324518413,0.7566165015763746,True,True,Menos de seis imagens aceitas: conjunto insuficiente para a etapa 1 do T1. | Nenhuma imagem rejeitada; a demonstração da intrusa ainda precisa ser conferida.,0.4776834000367671,0.3147012998815626,0.08027219981886446,0.12884850008413196,1.3426314999815077,,,,,1.0,709,0.4081946649329057,0.7509845632520532,2.844955742542369,1.2491939499326208,5.865656450537935,
boat5,seed_7,seed,ok,7.616020299959928,cylindrical,bundle,gain,feather,sift,600,2500,0.75,3.0,100,100,0.9,7,inconsistency,30,5,5,compact,8,outputs\experimentos_20261005\runs\boat5\seed_7,5,0,2.5157324001193047,2.6292236000299454,625.2,5,4,0.9455498227680482,0.10834683968459183,1.1697457871221884,0.8408715017076309,True,True,1 atalhos rejeitados por inconsistência global; confira as texturas. | Menos de seis imagens aceitas: conjunto insuficiente para a etapa 1 do T1. | Nenhuma imagem rejeitada; a demonstração da intrusa ainda precisa ser conferida.,0.3789482000283897,0.390124199911952,0.11415449995547533,0.15098400018177927,1.4815215000417084,True,2.934819799847901,True,0.7466368000023067,1.0,709,0.3989698493000533,0.7477070107346508,2.85013654491482,1.2490281928082871,5.677878997221653,
boat5,seed_101,seed,ok,7.640702600125223,cylindrical,bundle,gain,feather,sift,600,2500,0.75,3.0,100,100,0.9,101,inconsistency,30,5,5,compact,8,outputs\experimentos_20261005\runs\boat5\seed_101,5,0,2.316051500150934,2.4794000000692904,625.2,5,4,0.9455498227680482,0.10834683968459183,1.1697457871221884,0.8408715017076309,True,True,1 atalhos rejeitados por inconsistência global; confira as texturas. | Menos de seis imagens aceitas: conjunto insuficiente para a etapa 1 do T1. | Nenhuma imagem rejeitada; a demonstração da intrusa ainda precisa ser conferida.,0.39904740010388196,0.3038230000529438,0.09008680004626513,0.15339699992910028,1.3696973000187427,True,3.194243700010702,True,0.7261570000555366,1.0,709,0.3989698493000533,0.7477070107346508,2.85013654491482,1.2490281928082871,5.677878997221653,
boat5_exposure,none,stress,ok,4.130353600019589,cylindrical,bundle,none,feather,sift,600,2500,0.75,3.0,100,100,0.9,42,inconsistency,30,5,5,compact,8,outputs\experimentos_20261005\runs\boat5_exposure\none,5,0,2.9980284001212567,3.1542408999521285,534.8,5,4,0.9292371199491942,0.5581601968288682,1.1641102908397862,0.7291418957395788,True,True,1 atalhos rejeitados por inconsistência global; confira as texturas. | Menos de seis imagens aceitas: conjunto insuficiente para a etapa 1 do T1. | Nenhuma imagem rejeitada; a demonstração da intrusa ainda precisa ser conferida.,1.1427106999326497,0.2809717000927776,0.05774129997007549,0.13442900008521974,1.3821757000405341,,,,,1.0,709,0.40152327087706435,0.7242615503071935,2.208896056679613,1.2901237602115179,41.52545039307415,
boat5_exposure,gain,stress,ok,4.14322720002383,cylindrical,bundle,gain,feather,sift,600,2500,0.75,3.0,100,100,0.9,42,inconsistency,30,5,5,compact,8,outputs\experimentos_20261005\runs\boat5_exposure\gain,5,0,3.0215121004730463,3.157229900127277,534.8,5,4,0.9292371199491942,0.06633064516129032,1.1641102908397862,0.7291418957395788,True,True,1 atalhos rejeitados por inconsistência global; confira as texturas. | Menos de seis imagens aceitas: conjunto insuficiente para a etapa 1 do T1. | Nenhuma imagem rejeitada; a demonstração da intrusa ainda precisa ser conferida.,1.1274934001266956,0.27498880005441606,0.10323790018446743,0.17465770011767745,1.3411342999897897,,,,,1.0,709,0.40152327087706435,0.7242615503071935,2.208896056679613,1.2901237602115179,4.21772850585421,
quintal_shuffled,base,shuffle,ok,14.92034070007503,cylindrical,bundle,gain,feather,sift,600,2500,0.75,3.0,100,100,0.9,42,inconsistency,30,5,5,compact,8,outputs\experimentos_20261005\runs\quintal_shuffled\base,12,1,13.455076200189069,13.655676600057632,1622.076923076923,35,11,0.8441445838412646,0.677195501953674,0.6915673637585771,3.924654907930636,True,True,24 atalhos rejeitados por inconsistência global; confira as texturas.,0.4323766001034528,1.3540342999622226,5.583965600002557,0.7931880000978708,5.291511700022966,,,,,1.0,3385,3.9003453472127085,4.849857069291042,13.210614425408844,6.219105443135792,9.641247341657495,
