image,WhatsApp Image 2026-10-03 at 14.13.23.jpeg,WhatsApp Image 2026-10-03 at 14.13.24 (1).jpeg,WhatsApp Image 2026-10-03 at 14.13.24 (2).jpeg,WhatsApp Image 2026-10-03 at 14.13.24.jpeg,WhatsApp Image 2026-10-03 at 14.13.25 (1).jpeg,WhatsApp Image 2026-10-03 at 14.13.25 (2).jpeg,WhatsApp Image 2026-10-03 at 14.13.25 (3).jpeg,WhatsApp Image 2026-10-03 at 14.13.25.jpeg,WhatsApp Image 2026-10-03 at 14.13.26 (1).jpeg,WhatsApp Image 2026-10-03 at 14.13.26 (2).jpeg,WhatsApp Image 2026-10-03 at 14.13.26 (3).jpeg,WhatsApp Image 2026-10-03 at 14.13.26.jpeg,WhatsApp Image 2026-10-03 at 14.14.45.jpeg
WhatsApp Image 2026-10-03 at 14.13.23.jpeg,0,40,14,182,4,4,4,4,4,4,0,0,4
WhatsApp Image 2026-10-03 at 14.13.24 (1).jpeg,40,0,130,63,66,14,4,81,4,4,4,4,4
WhatsApp Image 2026-10-03 at 14.13.24 (2).jpeg,14,130,0,38,91,28,10,111,0,4,4,4,0
WhatsApp Image 2026-10-03 at 14.13.24.jpeg,182,63,38,0,31,7,4,38,4,4,5,0,5
WhatsApp Image 2026-10-03 at 14.13.25 (1).jpeg,4,66,91,31,0,249,64,202,5,4,4,26,4
WhatsApp Image 2026-10-03 at 14.13.25 (2).jpeg,4,14,28,7,249,0,222,48,35,6,0,88,4
WhatsApp Image 2026-10-03 at 14.13.25 (3).jpeg,4,4,10,4,64,222,0,20,81,40,15,247,4
WhatsApp Image 2026-10-03 at 14.13.25.jpeg,4,81,111,38,202,48,20,0,4,4,4,8,0
WhatsApp Image 2026-10-03 at 14.13.26 (1).jpeg,4,4,0,4,5,35,81,4,0,281,175,279,5
WhatsApp Image 2026-10-03 at 14.13.26 (2).jpeg,4,4,4,4,4,6,40,4,281,0,289,102,6
WhatsApp Image 2026-10-03 at 14.13.26 (3).jpeg,0,4,4,5,4,0,15,4,175,289,0,68,3
WhatsApp Image 2026-10-03 at 14.13.26.jpeg,0,4,4,0,26,88,247,8,279,102,68,0,2
WhatsApp Image 2026-10-03 at 14.14.45.jpeg,4,4,0,5,4,4,4,0,5,6,3,2,0
