image,foto_000.jpeg,foto_001.jpeg,foto_002.jpeg,foto_003.jpeg,foto_004.jpeg,foto_005.jpeg,foto_006.jpeg,foto_007.jpeg,foto_008.jpeg,foto_009.jpeg,foto_010.jpeg,foto_011.jpeg,foto_012.jpeg
foto_000.jpeg,0,35,19,157,4,281,151,4,450,53,101,4,3
foto_001.jpeg,35,0,4,0,4,54,77,5,2,4,117,4,252
foto_002.jpeg,19,4,0,146,494,4,5,245,56,416,3,5,4
foto_003.jpeg,157,0,146,0,58,39,24,29,473,430,5,4,4
foto_004.jpeg,4,4,494,58,0,4,4,463,22,170,4,3,2
foto_005.jpeg,281,54,4,39,4,0,228,4,102,10,135,4,7
foto_006.jpeg,151,77,5,24,4,228,0,4,67,4,292,4,35
foto_007.jpeg,4,5,245,29,463,4,4,0,4,103,4,3,5
foto_008.jpeg,450,2,56,473,22,102,67,4,0,173,40,0,4
foto_009.jpeg,53,4,416,430,170,10,4,103,173,0,4,2,5
foto_010.jpeg,101,117,3,5,4,135,292,4,40,4,0,4,67
foto_011.jpeg,4,4,5,4,3,4,4,3,0,2,4,0,4
foto_012.jpeg,3,252,4,4,2,7,35,5,4,5,67,4,0
