conjunto,variante,status,projecao,blending,deghost,limiar_deghost,foco_inicial,ratio,imagens_aceitas,imagens_rejeitadas,pixels_marcados_deghost,tempo_nucleo_s,rmse_ajuste_global_px,recorte_largura,recorte_altura,fracao_valida_mantida
quintal,01_base,ok,cylindrical,feather,inconsistency,30.0,0.9,0.75,12,1,514937,39.08,3.614,1541,365,0.75722
quintal,02_esferica_multibanda,ok,spherical,multiband,inconsistency,30.0,0.9,0.75,12,1,480460,41.39,3.614,1540,341,0.7765
quintal,03_multibanda_sem_deghost,ok,cylindrical,multiband,none,30.0,0.9,0.75,12,1,0,20.27,3.614,1541,365,0.75722
quintal,04_multibanda_limiar60,ok,cylindrical,multiband,inconsistency,60.0,0.9,0.75,12,1,333568,23.64,3.614,1541,365,0.75722
quintal,05_foco060_ratio060_multibanda,ok,cylindrical,multiband,inconsistency,30.0,0.6,0.6,12,1,461057,25.43,4.304,1559,321,0.66744
quintal,06_foco060_ratio060_sem_deghost,ok,cylindrical,multiband,none,30.0,0.6,0.6,12,1,0,25.13,4.304,1559,321,0.66744
boat5,01_base,ok,cylindrical,feather,inconsistency,30.0,0.9,0.75,5,0,63440,3.26,1.399,1472,362,0.91006
boat5,02_esferica_multibanda_sem_deghost,ok,spherical,multiband,none,30.0,0.9,0.75,5,0,0,4.26,1.399,1474,354,0.91429
boat5,03_cilindrica_multibanda_sem_deghost,ok,cylindrical,multiband,none,30.0,0.9,0.75,5,0,0,4.7,1.399,1472,362,0.91006
quintal,07_hibrido_arvore_nitida,derivado,cylindrical,misto,esquerda,,,,,,,,,1541,365,0.75722
